name,price
Диван Нумо Мини Textile Silver,27 490
Диван Нумо Мини Textile Sky,27 490
Диван Нумо Мини Textile Light,27 490
Диван Нумо Мини Textile Grafit,27 490
Диван Нумо Мини Textile Navy Blue,27 490
Диван Нумо Мини Textile Yellow,27 490
Диван Нумо Velvet Yellow,41 790
Диван Нумо Velvet Grey,41 790
Диван Нумо Velvet Latte,41 790
Диван Нумо Velvet Light,41 790
Диван Нумо Velvet Pink,41 790
Диван Нумо Velvet Grafit,41 790
Диван Нумо Velvet Green,41 790
Диван Маре Мини Velvet Beige,30 790
Диван Маре Мини Velvet Mint,30 790
Диван Маре Мини Velvet Yellow,30 790
Диван Маре Мини Velvet Silver,30 790
Диван Маре Мини Velvet Grafit,30 790
Диван Маре Мини Velvet Emerald,30 790
Диван Маре Мини Velvet Pink,30 790
Диван Бонс-Т Velvet Emerald,49 490
Диван Бонс-Т Velvet Yellow,49 490
Диван Бонс-Т Velvet Silver,49 490
Диван Бонс-Т Happy Grey,49 490
Диван Бонс-Т Happy Mint,49 490
Диван Бонс-Т Happy Light,49 490
Диван Види Textile Light,28 590
Диван Види Textile Corall,28 590
Диван Види Textile Yellow,28 590
Диван Види Textile Ocean,28 590
Диван Види Textile Navy Blue,28 590
Диван Види Textile Grey,28 590
Диван Льери Мини Velvet Emerald,71 490
Диван Льери Мини Velvet Atlantic,71 490
Диван Льери Мини Velvet Light,71 490
Диван Льери Мини Velvet Coral,71 490
Диван Льери Мини Velvet Grey,71 490
Диван Льери Мини Bucle White,79 190
Диван Льери Мини Velvet Yellow,71 490
Диван Клаймар Velvet Beige,62 690
Диван Клаймар Velvet Grey,62 690
Диван Клаймар Velvet Blue,62 690
Диван Клаймар Velvet Terra,62 690
Диван Клаймар Velvet Stone,62 690
Диван Клаймар Velvet Smoke,62 690
Диван Клаймар Velvet Moss,62 690
Диван Риен Velvet Smoke,54 990
Диван Риен Velvet Blue,54 990
Диван Риен Velvet Beige,54 990
Диван Риен Velvet Stone,54 990
Диван Риен Velvet Olive,54 990
Диван Риен Velvet Terra,54 990
Диван Викс Textile Sky,24 190
Диван Викс Textile Yellow,24 190
Диван Викс Textile Light,24 190
Диван Викс Textile Grafit,24 190
Диван Викс Textile Silver,24 190
Диван Викс Textile Coral,24 190
Диван Леймарк Velvet Navy Blue,54 990
Диван Леймарк Velvet Beige,54 990
Диван Леймарк Velvet Wet Sand,54 990
Диван Леймарк Velvet Olive,54 990
Диван Леймарк Velvet Silver,54 990
Диван Леймарк Velvet Grafit,54 990
